Drank,Subcategorie,Producent / Merk,Herkomst,ABV %,Glas / Servies,Notities
Versgeperste sinaasappel,Vers fruit,Huis,—,,Glas 25cl,
Versgeperste pompelmoes,Vers fruit,Huis,—,,Glas,
Versgeperste wortel-sinaas,Vers fruit/groente,Huis,—,,Glas,
Versgeperste ananas,Vers fruit,Huis,—,,Glas,
Looza Multifruit,Sap (fles),Looza (Tropicana),BE,,Glas,
Looza Sinaas,Sap (fles),Looza,BE,,Glas,
Looza Appel,Sap (fles),Looza,BE,,Glas,
Looza Ananas,Sap (fles),Looza,BE,,Glas,
Looza ACE,Sap (fles),Looza,BE,,Glas,
Looza Tomaat,Sap (fles),Looza,BE,,Glas,
Looza Cassis / Druif / Peer,Sap (range),Looza,BE,,Glas,
Minute Maid Sinaas / Appel,Sap,Coca-Cola Co.,Wereldwijd,,Glas,
Granini Multivitamin / Sinaas / Cranberry / Tomaat,Sap,Granini (Eckes),DE,,Glas,
Pago Sappen (diverse),Sap (premium),Pago,AT,,Flesje,
Cranberrysap,Sap,Diverse (Ocean Spray e.a.),Diverse,,Glas,
Tomatensap,Sap (groente),Diverse,Diverse,,Glas,Met of zonder peper en zout
Bietensap,Sap (groente),Diverse,Diverse,,Glas,
